date,time,heartRate
2021-02-23,12:36,81
2021-02-23,12:37,74
2021-02-23,12:38,59
2021-02-23,12:39,76
2021-02-23,12:40,74
2021-02-23,12:41,60
2021-02-23,12:42,73
2021-02-23,12:43,64
2021-02-23,12:44,72
2021-02-23,12:45,74
2021-02-23,12:46,70
2021-02-23,12:47,72
2021-02-23,12:48,72
2021-02-23,12:49,79
2021-02-23,12:50,72
2021-02-23,12:51,62
2021-02-23,12:52,72
2021-02-23,12:53,80
2021-02-23,12:54,76
2021-02-23,12:55,65
2021-02-23,12:56,75
2021-02-23,12:57,80
2021-02-23,12:58,76
2021-02-23,12:59,72
2021-02-23,13:00,68
2021-02-23,13:01,67
2021-02-23,13:02,83
2021-02-23,13:03,75
2021-02-23,13:04,87
2021-02-23,13:05,80
2021-02-23,13:06,104
2021-02-23,13:07,81
2021-02-23,13:08,66
2021-02-23,13:09,82
2021-02-23,13:10,87
2021-02-23,13:11,77
2021-02-23,13:12,75
2021-02-23,13:13,81
2021-02-23,13:14,104
2021-02-23,13:15,88
2021-02-23,13:16,77
2021-02-23,13:17,103
2021-02-23,13:18,82
2021-02-23,13:19,81
2021-02-23,13:20,67
2021-02-23,13:21,74
2021-02-23,13:22,63
2021-02-23,13:23,70
2021-02-23,13:24,69
2021-02-23,13:25,72
2021-02-23,13:26,68
2021-02-23,13:27,67
2021-02-23,13:28,67
2021-02-23,13:29,67
2021-02-23,13:30,72
2021-02-23,13:31,74
2021-02-23,13:32,61
2021-02-23,13:33,65
2021-02-23,13:34,67
2021-02-23,13:35,71
2021-02-23,13:36,59
2021-02-23,13:37,60
2021-02-23,13:38,72
2021-02-23,13:39,74
2021-02-23,13:40,65
2021-02-23,13:41,71
2021-02-23,13:42,73
2021-02-23,13:43,74
2021-02-23,13:44,70
2021-02-23,13:45,79
2021-02-23,13:46,65
2021-02-23,13:47,83
2021-02-23,13:48,92
2021-02-23,13:49,76
2021-02-23,13:50,83
2021-02-23,13:51,74
2021-02-23,13:52,75
2021-02-23,13:53,73
2021-02-23,13:54,70
2021-02-23,13:55,73
2021-02-23,13:56,91
2021-02-23,13:57,80
2021-02-23,13:58,75
2021-02-23,13:59,62
2021-02-23,14:00,69
2021-02-23,14:01,59
2021-02-23,14:02,58
2021-02-23,14:03,82
2021-02-23,14:04,67
2021-02-23,14:05,72
2021-02-23,14:06,75
2021-02-23,14:07,71
2021-02-23,14:08,63
2021-02-23,14:09,57
2021-02-23,14:10,64
2021-02-23,14:11,58
2021-02-23,14:12,68
2021-02-23,14:13,70
2021-02-23,14:14,72
2021-02-23,14:15,60
2021-02-23,14:16,67
2021-02-23,14:17,90
2021-02-23,14:18,67
2021-02-23,14:19,71
2021-02-23,14:20,61
2021-02-23,14:21,80
2021-02-23,14:22,71
2021-02-23,14:23,75
2021-02-23,14:24,85
2021-02-23,14:25,73
2021-02-23,14:26,79
2021-02-23,14:27,81
2021-02-23,14:28,78
2021-02-23,14:29,82
2021-02-23,14:30,67
2021-02-23,14:31,71
2021-02-23,14:32,71
2021-02-23,14:33,75
2021-02-23,14:34,74
2021-02-23,14:35,70
2021-02-23,14:36,89
2021-02-23,14:37,82
2021-02-23,14:38,75
2021-02-23,14:39,70
2021-02-23,14:40,67
2021-02-23,14:41,67
2021-02-23,14:42,70
2021-02-23,14:43,71
2021-02-23,14:44,63
2021-02-23,14:45,67
2021-02-23,14:46,95
2021-02-23,14:47,74
2021-02-23,14:48,79
2021-02-23,14:49,70
2021-02-23,14:50,96
2021-02-23,14:51,77
2021-02-23,14:52,64
2021-02-23,14:53,88
2021-02-23,14:54,79
2021-02-23,14:55,82
2021-02-23,14:56,72
2021-02-23,14:57,71
2021-02-23,14:58,74
2021-02-23,14:59,76
2021-02-23,15:00,90
2021-02-23,15:01,83
2021-02-23,15:02,71
2021-02-23,15:03,81
2021-02-23,15:04,71
2021-02-23,15:05,92
2021-02-23,15:06,104
2021-02-23,15:07,81
2021-02-23,15:08,97
2021-02-23,15:09,71
2021-02-23,15:10,74
2021-02-23,15:11,63
2021-02-23,15:12,71
2021-02-23,15:13,100
2021-02-23,15:14,73
2021-02-23,15:15,69
2021-02-23,15:16,62
2021-02-23,15:17,69
2021-02-23,15:18,65
2021-02-23,15:19,72
2021-02-23,15:20,69
2021-02-23,15:21,72
2021-02-23,15:22,107
2021-02-23,15:23,84
2021-02-23,15:24,69
2021-02-23,15:25,62
2021-02-23,15:26,68
2021-02-23,15:27,78
2021-02-23,15:28,71
2021-02-23,15:29,72
2021-02-23,15:31,68
2021-02-23,15:32,70
2021-02-23,15:33,69
2021-02-23,15:34,64
2021-02-23,15:35,74
2021-02-23,15:36,66
2021-02-23,15:37,95
2021-02-23,15:38,70
2021-02-23,15:39,63
2021-02-23,15:40,93
2021-02-23,15:41,78
2021-02-23,15:42,76
2021-02-23,15:43,66
2021-02-23,15:44,67
2021-02-23,15:45,61
2021-02-23,15:46,65
2021-02-23,15:47,74
2021-02-23,15:48,75
2021-02-23,15:49,80
2021-02-23,15:50,70
2021-02-23,15:51,69
2021-02-23,15:52,95
2021-02-23,15:53,72
2021-02-23,15:54,73
2021-02-23,15:55,69
2021-02-23,15:56,85
2021-02-23,15:57,71
2021-02-23,15:58,97
2021-02-23,15:59,70
2021-02-23,16:00,71
2021-02-23,16:01,68
2021-02-23,16:02,69
2021-02-23,16:03,73
2021-02-23,16:04,76
2021-02-23,16:05,64
2021-02-23,16:06,73
2021-02-23,16:07,69
2021-02-23,16:08,79
2021-02-23,16:09,83
2021-02-23,16:10,77
2021-02-23,16:11,67
2021-02-23,16:12,74
2021-02-23,16:13,75
2021-02-23,16:14,64
2021-02-23,16:15,67
2021-02-23,16:16,71
2021-02-23,16:17,64
2021-02-23,16:18,74
2021-02-23,16:19,67
2021-02-23,16:20,63
2021-02-23,16:21,72
2021-02-23,16:22,74
2021-02-23,16:23,70
2021-02-23,16:24,74
2021-02-23,16:25,69
2021-02-23,16:26,70
2021-02-23,16:27,68
2021-02-23,16:28,75
2021-02-23,16:29,96
2021-02-23,16:30,77
2021-02-23,16:31,71
2021-02-23,16:32,82
2021-02-23,16:33,73
2021-02-23,16:34,73
2021-02-23,16:35,80
2021-02-23,16:36,73
2021-02-23,16:37,67
2021-02-23,16:38,70
2021-02-23,16:39,73
2021-02-23,16:40,75
2021-02-23,16:41,75
2021-02-23,16:42,87
2021-02-23,16:43,78
2021-02-23,16:44,81
2021-02-23,16:45,72
2021-02-23,16:46,68
2021-02-23,16:47,74
2021-02-23,16:48,74
2021-02-23,16:49,91
2021-02-23,16:50,84
2021-02-23,16:51,73
2021-02-23,16:52,96
2021-02-23,16:53,74
2021-02-23,16:54,81
2021-02-23,16:55,87
2021-02-23,16:56,84
2021-02-23,16:57,71
2021-02-23,16:58,74
2021-02-23,16:59,77
2021-02-23,17:00,78
2021-02-23,17:01,92
2021-02-23,17:02,93
2021-02-23,17:03,87
2021-02-23,17:04,74
2021-02-23,17:05,86
2021-02-23,17:06,79
2021-02-23,17:07,73
2021-02-23,17:08,83
2021-02-23,17:09,78
2021-02-23,17:10,91
2021-02-23,17:11,82
2021-02-23,17:12,80
2021-02-23,17:13,77
2021-02-23,17:14,55
2021-02-23,17:15,70
2021-02-23,17:16,69
2021-02-23,17:17,73
2021-02-23,17:18,63
2021-02-23,17:19,73
2021-02-23,17:20,96
2021-02-23,17:21,69
2021-02-23,17:22,77
2021-02-23,17:23,87
2021-02-23,17:24,74
2021-02-23,17:25,80
2021-02-23,17:26,83
2021-02-23,17:27,75
2021-02-23,17:28,85
2021-02-23,17:29,88
2021-02-23,17:30,94
2021-02-23,17:31,75
2021-02-23,17:32,71
2021-02-23,17:33,95
2021-02-23,17:34,69
2021-02-23,17:35,61
2021-02-23,17:36,63
2021-02-23,17:37,63
2021-02-23,17:38,67
2021-02-23,17:39,65
2021-02-23,17:40,72
2021-02-23,17:41,72
2021-02-23,17:42,68
2021-02-23,17:43,79
2021-02-23,17:44,77
2021-02-23,17:45,73
2021-02-23,17:46,75
2021-02-23,17:47,75
2021-02-23,17:48,77
2021-02-23,17:49,77
2021-02-23,17:50,84
2021-02-23,17:51,76
2021-02-23,17:52,64
2021-02-23,17:53,68
2021-02-23,17:54,74
2021-02-23,17:55,70
2021-02-23,17:56,81
2021-02-23,17:57,71
2021-02-23,17:58,75
2021-02-23,17:59,76
2021-02-23,18:00,69
2021-02-23,18:01,73
2021-02-23,18:02,68
2021-02-23,18:03,108
2021-02-23,18:04,86
2021-02-23,18:05,68
2021-02-23,18:06,69
2021-02-23,18:07,62
2021-02-23,18:08,80
2021-02-23,18:09,81
2021-02-23,18:10,68
2021-02-23,18:11,73
2021-02-23,18:12,74
2021-02-23,18:13,95
2021-02-23,18:14,91
2021-02-23,18:15,74
2021-02-23,18:16,74
2021-02-23,18:17,64
2021-02-23,18:18,73
2021-02-23,18:19,77
2021-02-23,18:20,72
2021-02-23,18:21,77
2021-02-23,18:22,66
2021-02-23,18:23,65
2021-02-23,18:24,69
2021-02-23,18:25,68
2021-02-23,18:26,95
2021-02-23,18:27,80
2021-02-23,18:28,75
2021-02-23,18:29,74
2021-02-23,18:30,76
2021-02-23,18:31,70
2021-02-23,18:32,69
2021-02-23,18:33,72
2021-02-23,18:34,75
2021-02-23,18:35,70
2021-02-23,18:36,71
2021-02-23,18:37,64
2021-02-23,18:38,67
2021-02-23,18:39,105
2021-02-23,18:40,86
2021-02-23,18:41,78
2021-02-23,18:42,98
2021-02-23,18:43,93
2021-02-23,18:44,86
2021-02-23,18:45,94
2021-02-23,18:46,93
2021-02-23,18:47,69
2021-02-23,18:48,89
2021-02-23,18:49,95
2021-02-23,18:50,92
2021-02-23,18:51,84
2021-02-23,18:52,91
2021-02-23,18:53,70
2021-02-23,18:54,84
2021-02-23,18:55,91
2021-02-23,18:56,78
2021-02-23,18:57,73
2021-02-23,18:58,77
2021-02-23,18:59,71
2021-02-23,19:00,74
2021-02-23,19:01,95
2021-02-23,19:02,90
2021-02-23,19:03,77
2021-02-23,19:04,72
2021-02-23,19:05,71
2021-02-23,19:06,75
2021-02-23,19:07,80
2021-02-23,19:08,70
2021-02-23,19:09,74
2021-02-23,19:10,80
2021-02-23,19:11,78
2021-02-23,19:12,88
2021-02-23,19:13,78
2021-02-23,19:14,77
2021-02-23,19:15,81
2021-02-23,19:16,89
2021-02-23,19:17,90
2021-02-23,19:19,92
2021-02-23,19:21,80
2021-02-23,19:22,76
2021-02-23,19:23,85
2021-02-23,19:24,89
2021-02-23,19:25,89
2021-02-23,19:26,78
2021-02-23,19:27,82
2021-02-23,19:28,75
2021-02-23,19:29,88
2021-02-23,19:30,84
2021-02-23,19:31,92
2021-02-23,19:32,67
2021-02-23,19:33,74
2021-02-23,19:34,77
2021-02-23,19:35,76
2021-02-23,19:36,75
2021-02-23,19:37,77
2021-02-23,19:38,76
2021-02-23,19:39,76
2021-02-23,19:40,72
2021-02-23,19:41,65
2021-02-23,19:42,71
2021-02-23,19:43,72
2021-02-23,19:44,71
2021-02-23,19:45,69
2021-02-23,19:46,68
2021-02-23,19:47,67
2021-02-23,19:48,68
2021-02-23,19:49,64
2021-02-23,19:50,71
2021-02-23,19:51,83
2021-02-23,19:52,87
2021-02-23,19:53,64
2021-02-23,19:54,83
2021-02-23,19:55,65
2021-02-23,19:56,86
2021-02-23,19:57,82
2021-02-23,19:58,96
2021-02-23,19:59,78
2021-02-23,20:00,88
2021-02-23,20:01,76
2021-02-23,20:02,70
2021-02-23,20:03,76
2021-02-23,20:04,87
2021-02-23,20:05,80
2021-02-23,20:06,87
2021-02-23,20:07,89
2021-02-23,20:08,85
2021-02-23,20:09,76
2021-02-23,20:10,94
2021-02-23,20:11,82
2021-02-23,20:12,90
2021-02-23,20:13,73
2021-02-23,20:14,81
2021-02-23,20:15,83
2021-02-23,20:16,83
2021-02-23,20:17,93
2021-02-23,20:18,86
2021-02-23,20:19,84
2021-02-23,20:20,78
2021-02-23,20:21,82
2021-02-23,20:22,75
2021-02-23,20:24,74
2021-02-23,20:26,74
2021-02-23,20:27,64
2021-02-23,20:28,76
2021-02-23,20:29,65
2021-02-23,20:30,77
2021-02-23,20:31,87
2021-02-23,20:32,84
2021-02-23,20:33,75
2021-02-23,20:34,85
2021-02-23,20:35,69
2021-02-23,20:36,74
2021-02-23,20:37,86
2021-02-23,20:38,79
2021-02-23,20:39,93
2021-02-23,20:40,71
2021-02-23,20:41,68
2021-02-23,20:42,94
2021-02-23,20:43,85
2021-02-23,20:44,77
2021-02-23,20:45,83
2021-02-23,20:46,82
2021-02-23,20:47,89
2021-02-23,20:48,85
2021-02-23,20:49,84
2021-02-23,20:50,68
2021-02-23,20:51,74
2021-02-23,20:52,74
2021-02-23,20:53,76
2021-02-23,20:54,72
2021-02-23,20:55,69
2021-02-23,20:56,73
2021-02-23,20:57,80
2021-02-23,20:58,103
2021-02-23,20:59,94
2021-02-23,21:00,84
2021-02-23,21:01,78
2021-02-23,21:02,76
2021-02-23,21:03,80
2021-02-23,21:04,75
2021-02-23,21:05,82
2021-02-23,21:06,75
2021-02-23,21:08,97
2021-02-23,21:09,86
2021-02-23,21:11,78
2021-02-23,21:12,73
2021-02-23,21:13,75
2021-02-23,21:14,79
2021-02-23,21:15,72
2021-02-23,21:16,96
2021-02-23,21:17,94
2021-02-23,21:18,86
2021-02-23,21:19,75
2021-02-23,21:20,74
2021-02-23,21:21,101
2021-02-23,21:22,108
2021-02-23,21:23,78
2021-02-23,21:24,74
2021-02-23,21:25,69
2021-02-23,21:27,67
2021-02-23,21:28,75
2021-02-23,21:29,76
2021-02-23,21:30,80
2021-02-23,21:31,77
2021-02-23,21:32,73
2021-02-23,21:33,66
2021-02-23,21:34,68
2021-02-23,21:35,95
2021-02-23,21:36,77
2021-02-23,21:37,87
2021-02-23,21:38,78
2021-02-23,21:39,80
2021-02-23,21:40,70
2021-02-23,21:41,69
2021-02-23,21:42,71
2021-02-23,21:43,70
2021-02-23,21:44,73
2021-02-23,21:45,73
2021-02-23,21:46,63
2021-02-23,21:47,67
2021-02-23,21:48,80
2021-02-23,21:49,73
2021-02-23,21:50,63
2021-02-23,21:51,73
2021-02-23,21:52,72
2021-02-23,21:53,73
2021-02-23,21:54,73
2021-02-23,21:55,69
2021-02-23,21:56,61
2021-02-23,21:57,70
2021-02-23,21:58,71
2021-02-23,21:59,90
2021-02-23,22:00,76
2021-02-23,22:01,91
2021-02-23,22:02,94
2021-02-23,22:03,77
2021-02-23,22:04,84
2021-02-23,22:05,70
2021-02-23,22:06,87
2021-02-23,22:07,68
2021-02-23,22:08,78
2021-02-23,22:09,74
2021-02-23,22:10,71
2021-02-23,22:11,80
2021-02-23,22:12,74
2021-02-23,22:13,69
2021-02-23,22:14,70
2021-02-23,22:15,68
2021-02-23,22:16,77
2021-02-23,22:17,76
2021-02-23,22:18,80
2021-02-23,22:19,77
2021-02-23,22:20,73
2021-02-23,22:21,76
2021-02-23,22:22,71
2021-02-23,22:23,78
2021-02-23,22:24,74
2021-02-23,22:25,74
2021-02-23,22:26,69
2021-02-23,22:27,79
2021-02-23,22:28,77
2021-02-23,22:29,65
2021-02-23,22:30,83
2021-02-23,22:31,78
2021-02-23,22:32,84
2021-02-23,22:33,77
2021-02-23,22:34,76
2021-02-23,22:35,76
2021-02-23,22:36,74
2021-02-23,22:37,90
2021-02-23,22:38,75
2021-02-23,22:39,74
2021-02-23,22:40,73
2021-02-23,22:41,72
2021-02-23,22:42,75
2021-02-23,22:43,65
2021-02-23,22:44,72
2021-02-23,22:45,75
2021-02-23,22:46,68
2021-02-23,22:47,73
2021-02-23,22:48,71
2021-02-23,22:49,67
2021-02-23,22:50,79
2021-02-23,22:51,84
2021-02-23,22:52,74
2021-02-23,22:53,86
2021-02-23,22:54,73
2021-02-23,22:55,89
2021-02-23,22:56,79
2021-02-23,22:57,72
2021-02-23,22:58,68
2021-02-23,22:59,74
2021-02-23,23:00,75
2021-02-23,23:01,78
2021-02-23,23:02,81
2021-02-23,23:03,71
2021-02-23,23:04,78
2021-02-23,23:05,81
2021-02-23,23:06,85
2021-02-23,23:07,77
2021-02-23,23:08,67
2021-02-23,23:09,68
2021-02-23,23:10,69
2021-02-23,23:11,73
2021-02-23,23:12,74
2021-02-23,23:13,76
2021-02-23,23:14,73
2021-02-23,23:15,64
2021-02-23,23:16,71
2021-02-23,23:17,80
2021-02-23,23:18,67
2021-02-23,23:19,71
2021-02-23,23:20,89
2021-02-23,23:21,76
2021-02-23,23:22,70
2021-02-23,23:23,77
2021-02-23,23:24,70
2021-02-23,23:25,69
2021-02-23,23:26,73
2021-02-23,23:27,69
2021-02-23,23:28,83
2021-02-23,23:29,73
2021-02-23,23:30,75
2021-02-23,23:31,70
2021-02-23,23:32,68
2021-02-23,23:33,69
2021-02-23,23:34,78
2021-02-23,23:35,62
2021-02-23,23:36,58
2021-02-23,23:37,74
2021-02-23,23:38,76
2021-02-23,23:39,67
2021-02-23,23:40,71
2021-02-23,23:41,70
2021-02-23,23:42,69
2021-02-23,23:43,69
2021-02-23,23:44,67
2021-02-23,23:45,66
2021-02-23,23:46,68
2021-02-23,23:47,74
2021-02-23,23:48,66
2021-02-23,23:49,68
2021-02-23,23:50,73
2021-02-23,23:51,74
2021-02-23,23:52,86
2021-02-23,23:53,91
2021-02-23,23:54,91
2021-02-23,23:55,80
2021-02-23,23:56,88
2021-02-23,23:57,73
2021-02-23,23:58,71
2021-02-23,23:59,73
2021-02-24,00:00,91
2021-02-24,00:01,86
2021-02-24,00:02,76
2021-02-24,00:03,108
2021-02-24,00:04,82
2021-02-24,00:05,82
2021-02-24,00:06,77
2021-02-24,00:07,89
2021-02-24,00:08,71
2021-02-24,00:09,70
2021-02-24,00:10,65
2021-02-24,00:11,71
2021-02-24,00:12,74
2021-02-24,00:13,78
2021-02-24,00:14,77
2021-02-24,00:15,92
2021-02-24,00:16,87
2021-02-24,00:17,75
2021-02-24,00:18,66
2021-02-24,00:19,62
2021-02-24,00:20,60
2021-02-24,00:21,58
2021-02-24,00:22,54
2021-02-24,00:23,58
2021-02-24,00:24,57
2021-02-24,00:25,82
2021-02-24,00:26,74
2021-02-24,00:27,59
2021-02-24,00:28,71
2021-02-24,00:29,85
2021-02-24,00:30,78
2021-02-24,00:31,98
2021-02-24,00:32,103
2021-02-24,00:33,71
2021-02-24,00:34,59
2021-02-24,00:35,57
2021-02-24,00:36,61
2021-02-24,00:37,61
2021-02-24,00:38,60
2021-02-24,00:39,62
2021-02-24,00:40,61
2021-02-24,00:41,93
2021-02-24,00:42,70
2021-02-24,00:43,67
2021-02-24,00:44,64
2021-02-24,00:45,57
2021-02-24,00:46,56
2021-02-24,00:47,56
2021-02-24,00:48,55
2021-02-24,00:49,57
2021-02-24,00:50,51
2021-02-24,00:51,53
2021-02-24,00:52,85
2021-02-24,00:53,67
2021-02-24,00:54,57
2021-02-24,00:55,48
2021-02-24,00:56,52
2021-02-24,00:57,51
2021-02-24,00:58,49
2021-02-24,00:59,47
2021-02-24,01:00,54
2021-02-24,01:01,56
2021-02-24,01:02,54
2021-02-24,01:03,53
2021-02-24,01:04,51
2021-02-24,01:05,53
2021-02-24,01:06,54
2021-02-24,01:07,54
2021-02-24,01:08,51
2021-02-24,01:09,52
2021-02-24,01:10,50
2021-02-24,01:11,57
2021-02-24,01:12,54
2021-02-24,01:13,53
2021-02-24,01:14,56
2021-02-24,01:15,59
2021-02-24,01:16,55
2021-02-24,01:17,53
2021-02-24,01:18,53
2021-02-24,01:19,56
2021-02-24,01:20,54
2021-02-24,01:21,53
2021-02-24,01:22,52
2021-02-24,01:23,56
2021-02-24,01:24,51
2021-02-24,01:25,59
2021-02-24,01:26,55
2021-02-24,01:27,53
2021-02-24,01:28,53
2021-02-24,01:29,53
2021-02-24,01:30,52
2021-02-24,01:31,53
2021-02-24,01:32,73
2021-02-24,01:33,53
2021-02-24,01:34,54
2021-02-24,01:35,63
2021-02-24,01:36,53
2021-02-24,01:37,51
2021-02-24,01:38,49
2021-02-24,01:39,50
2021-02-24,01:40,50
2021-02-24,01:41,49
2021-02-24,01:42,49
2021-02-24,01:43,52
2021-02-24,01:44,49
2021-02-24,01:45,55
2021-02-24,01:46,50
2021-02-24,01:47,57
2021-02-24,01:48,52
2021-02-24,01:49,47
2021-02-24,01:50,52
2021-02-24,01:51,52
2021-02-24,01:52,53
2021-02-24,01:53,52
2021-02-24,01:54,53
2021-02-24,01:55,51
2021-02-24,01:56,52
2021-02-24,01:57,56
2021-02-24,01:58,49
2021-02-24,01:59,52
2021-02-24,02:00,53
2021-02-24,02:01,49
2021-02-24,02:02,49
2021-02-24,02:03,52
2021-02-24,02:04,49
2021-02-24,02:05,48
2021-02-24,02:06,49
2021-02-24,02:07,52
2021-02-24,02:08,53
2021-02-24,02:09,49
2021-02-24,02:10,47
2021-02-24,02:11,51
2021-02-24,02:12,50
2021-02-24,02:13,49
2021-02-24,02:14,47
2021-02-24,02:15,51
2021-02-24,02:16,47
2021-02-24,02:17,52
2021-02-24,02:18,50
2021-02-24,02:19,57
2021-02-24,02:20,51
2021-02-24,02:21,47
2021-02-24,02:22,46
2021-02-24,02:23,51
2021-02-24,02:24,53
2021-02-24,02:25,49
2021-02-24,02:26,51
2021-02-24,02:27,48
2021-02-24,02:28,51
2021-02-24,02:29,52
2021-02-24,02:30,53
2021-02-24,02:31,53
2021-02-24,02:32,49
2021-02-24,02:33,54
2021-02-24,02:34,56
2021-02-24,02:35,54
2021-02-24,02:36,53
2021-02-24,02:37,48
2021-02-24,02:38,51
2021-02-24,02:39,52
2021-02-24,02:40,47
2021-02-24,02:41,49
2021-02-24,02:42,49
2021-02-24,02:43,50
2021-02-24,02:44,47
2021-02-24,02:45,54
2021-02-24,02:46,51
2021-02-24,02:47,50
2021-02-24,02:48,53
2021-02-24,02:49,53
2021-02-24,02:50,54
2021-02-24,02:51,51
2021-02-24,02:52,63
2021-02-24,02:53,59
2021-02-24,02:54,58
2021-02-24,02:55,48
2021-02-24,02:56,56
2021-02-24,02:57,49
2021-02-24,02:58,47
2021-02-24,02:59,47
2021-02-24,03:00,49
2021-02-24,03:01,45
2021-02-24,03:02,55
2021-02-24,03:03,48
2021-02-24,03:04,55
2021-02-24,03:05,48
2021-02-24,03:06,49
2021-02-24,03:07,47
2021-02-24,03:08,49
2021-02-24,03:09,49
2021-02-24,03:10,51
2021-02-24,03:11,50
2021-02-24,03:12,56
2021-02-24,03:13,57
2021-02-24,03:14,52
2021-02-24,03:15,56
2021-02-24,03:16,55
2021-02-24,03:17,51
2021-02-24,03:18,58
2021-02-24,03:19,58
2021-02-24,03:20,58
2021-02-24,03:21,54
2021-02-24,03:22,56
2021-02-24,03:23,54
2021-02-24,03:24,58
2021-02-24,03:25,57
2021-02-24,03:26,55
2021-02-24,03:27,48
2021-02-24,03:28,52
2021-02-24,03:29,46
2021-02-24,03:30,51
2021-02-24,03:31,58
2021-02-24,03:32,54
2021-02-24,03:33,56
2021-02-24,03:34,57
2021-02-24,03:35,50
2021-02-24,03:36,57
2021-02-24,03:37,54
2021-02-24,03:38,48
2021-02-24,03:39,47
2021-02-24,03:40,45
2021-02-24,03:41,51
2021-02-24,03:42,50
2021-02-24,03:43,47
2021-02-24,03:44,46
2021-02-24,03:45,53
2021-02-24,03:46,51
2021-02-24,03:47,54
2021-02-24,03:48,52
2021-02-24,03:49,56
2021-02-24,03:50,56
2021-02-24,03:51,54
2021-02-24,03:52,50
2021-02-24,03:53,49
2021-02-24,03:54,52
2021-02-24,03:55,56
2021-02-24,03:56,54
2021-02-24,03:57,50
2021-02-24,03:58,53
2021-02-24,03:59,54
2021-02-24,04:00,48
2021-02-24,04:01,47
2021-02-24,04:02,49
2021-02-24,04:03,47
2021-02-24,04:04,49
2021-02-24,04:05,73
2021-02-24,04:06,59
2021-02-24,04:07,58
2021-02-24,04:08,54
2021-02-24,04:09,48
2021-02-24,04:10,52
2021-02-24,04:11,50
2021-02-24,04:12,51
2021-02-24,04:13,47
2021-02-24,04:14,47
2021-02-24,04:15,46
2021-02-24,04:16,51
2021-02-24,04:17,55
2021-02-24,04:18,51
2021-02-24,04:19,49
2021-02-24,04:20,48
2021-02-24,04:21,52
2021-02-24,04:22,53
2021-02-24,04:23,56
2021-02-24,04:24,54
2021-02-24,04:25,57
2021-02-24,04:26,58
2021-02-24,04:27,57
2021-02-24,04:28,56
2021-02-24,04:29,81
2021-02-24,04:30,55
2021-02-24,04:31,53
2021-02-24,04:32,46
2021-02-24,04:33,45
2021-02-24,04:34,47
2021-02-24,04:35,77
2021-02-24,04:36,56
2021-02-24,04:37,55
2021-02-24,04:38,48
2021-02-24,04:39,55
2021-02-24,04:40,48
2021-02-24,04:41,52
2021-02-24,04:42,47
2021-02-24,04:43,46
2021-02-24,04:44,46
2021-02-24,04:45,49
2021-02-24,04:46,49
2021-02-24,04:47,48
2021-02-24,04:48,49
2021-02-24,04:49,47
2021-02-24,04:50,46
2021-02-24,04:51,49
2021-02-24,04:52,49
2021-02-24,04:53,50
2021-02-24,04:54,49
2021-02-24,04:55,47
2021-02-24,04:56,46
2021-02-24,04:57,45
2021-02-24,04:58,48
2021-02-24,04:59,49
2021-02-24,05:00,52
2021-02-24,05:01,50
2021-02-24,05:02,52
2021-02-24,05:03,48
2021-02-24,05:04,50
2021-02-24,05:05,49
2021-02-24,05:06,48
2021-02-24,05:07,49
2021-02-24,05:08,48
2021-02-24,05:09,52
2021-02-24,05:10,48
2021-02-24,05:11,52
2021-02-24,05:12,48
2021-02-24,05:13,49
2021-02-24,05:14,47
2021-02-24,05:15,48
2021-02-24,05:16,50
2021-02-24,05:17,52
2021-02-24,05:18,51
2021-02-24,05:19,47
2021-02-24,05:20,47
2021-02-24,05:21,46
2021-02-24,05:22,51
2021-02-24,05:23,48
2021-02-24,05:24,49
2021-02-24,05:25,47
2021-02-24,05:26,51
2021-02-24,05:27,47
2021-02-24,05:28,49
2021-02-24,05:29,52
2021-02-24,05:30,50
2021-02-24,05:31,48
2021-02-24,05:32,53
2021-02-24,05:33,50
2021-02-24,05:34,48
2021-02-24,05:35,49
2021-02-24,05:36,49
2021-02-24,05:37,55
2021-02-24,05:38,53
2021-02-24,05:39,50
2021-02-24,05:40,46
2021-02-24,05:41,45
2021-02-24,05:42,55
2021-02-24,05:43,50
2021-02-24,05:44,50
2021-02-24,05:45,46
2021-02-24,05:46,48
2021-02-24,05:47,52
2021-02-24,05:48,53
2021-02-24,05:49,51
2021-02-24,05:50,47
2021-02-24,05:51,49
2021-02-24,05:52,49
2021-02-24,05:53,58
2021-02-24,05:54,49
2021-02-24,05:55,52
2021-02-24,05:56,48
2021-02-24,05:57,48
2021-02-24,05:58,47
2021-02-24,05:59,57
2021-02-24,06:00,50
2021-02-24,06:01,53
2021-02-24,06:02,48
2021-02-24,06:03,47
2021-02-24,06:04,68
2021-02-24,06:05,58
2021-02-24,06:06,54
2021-02-24,06:07,57
2021-02-24,06:08,49
2021-02-24,06:09,47
2021-02-24,06:10,57
2021-02-24,06:11,46
2021-02-24,06:12,53
2021-02-24,06:13,48
2021-02-24,06:14,49
2021-02-24,06:15,46
2021-02-24,06:16,47
2021-02-24,06:17,46
2021-02-24,06:18,45
2021-02-24,06:19,46
2021-02-24,06:20,45
2021-02-24,06:21,45
2021-02-24,06:22,49
2021-02-24,06:23,49
2021-02-24,06:24,49
2021-02-24,06:25,49
2021-02-24,06:26,48
2021-02-24,06:27,46
2021-02-24,06:28,45
2021-02-24,06:29,73
2021-02-24,06:31,56
2021-02-24,06:32,51
2021-02-24,06:33,49
2021-02-24,06:34,45
2021-02-24,06:35,56
2021-02-24,06:36,58
2021-02-24,06:37,65
2021-02-24,06:38,53
2021-02-24,06:39,52
2021-02-24,06:40,56
2021-02-24,06:41,49
2021-02-24,06:42,56
2021-02-24,06:43,57
2021-02-24,06:44,57
2021-02-24,06:45,60
2021-02-24,06:46,81
2021-02-24,06:47,55
2021-02-24,06:48,50
2021-02-24,06:49,49
2021-02-24,06:50,46
2021-02-24,06:51,45
2021-02-24,06:52,51
2021-02-24,06:53,57
2021-02-24,06:54,48
2021-02-24,06:55,52
2021-02-24,06:56,48
2021-02-24,06:57,46
2021-02-24,06:58,45
2021-02-24,06:59,46
2021-02-24,07:00,45
2021-02-24,07:01,54
2021-02-24,07:02,49
2021-02-24,07:03,47
2021-02-24,07:04,48
2021-02-24,07:05,49
2021-02-24,07:06,47
2021-02-24,07:07,48
2021-02-24,07:08,46
2021-02-24,07:09,47
2021-02-24,07:10,49
2021-02-24,07:11,46
2021-02-24,07:12,49
2021-02-24,07:13,46
2021-02-24,07:14,45
2021-02-24,07:15,46
2021-02-24,07:16,48
2021-02-24,07:17,49
2021-02-24,07:18,46
2021-02-24,07:19,48
2021-02-24,07:20,45
2021-02-24,07:21,45
2021-02-24,07:22,49
2021-02-24,07:23,73
2021-02-24,07:24,55
2021-02-24,07:25,53
2021-02-24,07:26,55
2021-02-24,07:27,49
2021-02-24,07:28,47
2021-02-24,07:29,49
2021-02-24,07:30,53
2021-02-24,07:31,53
2021-02-24,07:32,48
2021-02-24,07:33,52
2021-02-24,07:34,54
2021-02-24,07:35,58
2021-02-24,07:36,59
2021-02-24,07:37,55
2021-02-24,07:38,48
2021-02-24,07:39,55
2021-02-24,07:40,56
2021-02-24,07:41,48
2021-02-24,07:42,68
2021-02-24,07:43,55
2021-02-24,07:44,53
2021-02-24,07:45,51
2021-02-24,07:46,52
2021-02-24,07:47,53
2021-02-24,07:48,68
2021-02-24,07:49,51
2021-02-24,07:50,69
2021-02-24,07:51,60
2021-02-24,07:52,65
2021-02-24,07:53,56
2021-02-24,07:54,54
2021-02-24,07:55,59
2021-02-24,07:56,55
2021-02-24,07:57,59
2021-02-24,07:58,60
2021-02-24,07:59,61
2021-02-24,08:00,62
2021-02-24,08:01,49
2021-02-24,08:02,47
2021-02-24,08:03,54
2021-02-24,08:04,50
2021-02-24,08:05,50
2021-02-24,08:06,46
2021-02-24,08:07,47
2021-02-24,08:08,52
2021-02-24,08:09,65
2021-02-24,08:10,53
2021-02-24,08:11,52
2021-02-24,08:12,47
2021-02-24,08:13,50
2021-02-24,08:14,49
2021-02-24,08:15,48
2021-02-24,08:16,52
2021-02-24,08:17,50
2021-02-24,08:18,52
2021-02-24,08:19,53
2021-02-24,08:20,53
2021-02-24,08:21,56
2021-02-24,08:22,57
2021-02-24,08:23,62
2021-02-24,08:24,53
2021-02-24,08:25,60
2021-02-24,08:26,56
2021-02-24,08:27,49
2021-02-24,08:28,46
2021-02-24,08:29,51
2021-02-24,08:30,49
2021-02-24,08:31,47
2021-02-24,08:32,47
2021-02-24,08:33,47
2021-02-24,08:34,48
2021-02-24,08:35,56
2021-02-24,08:36,49
2021-02-24,08:37,47
2021-02-24,08:38,46
2021-02-24,08:39,45
2021-02-24,08:40,51
2021-02-24,08:41,52
2021-02-24,08:42,48
2021-02-24,08:43,81
2021-02-24,08:44,63
2021-02-24,08:45,57
2021-02-24,08:46,49
2021-02-24,08:47,51
2021-02-24,08:48,58
2021-02-24,08:49,51
2021-02-24,08:50,63
2021-02-24,08:51,61
2021-02-24,08:52,77
2021-02-24,08:53,79
2021-02-24,08:54,77
2021-02-24,08:55,89
2021-02-24,08:56,76
2021-02-24,08:57,81
2021-02-24,08:58,90
2021-02-24,08:59,80
2021-02-24,09:00,71
2021-02-24,09:01,85
2021-02-24,09:02,82
2021-02-24,09:03,95
2021-02-24,09:04,94
2021-02-24,09:05,95
2021-02-24,09:06,60
2021-02-24,09:07,93
2021-02-24,09:08,69
2021-02-24,09:09,74
2021-02-24,09:10,95
2021-02-24,09:11,97
2021-02-24,09:12,107
2021-02-24,09:13,111
2021-02-24,09:14,87
2021-02-24,09:15,94
2021-02-24,09:16,95
2021-02-24,09:17,111
2021-02-24,09:18,81
2021-02-24,09:19,88
2021-02-24,09:20,62
2021-02-24,09:21,84
2021-02-24,09:22,72
2021-02-24,09:23,67
2021-02-24,09:24,74
2021-02-24,09:25,72
2021-02-24,09:26,101
2021-02-24,09:27,95
2021-02-24,09:28,94
2021-02-24,09:29,67
2021-02-24,09:30,65
2021-02-24,09:31,70
2021-02-24,09:32,63
2021-02-24,09:33,56
2021-02-24,09:34,57
2021-02-24,09:35,67
2021-02-24,09:36,57
2021-02-24,09:37,101
2021-02-24,09:38,77
2021-02-24,09:39,62
2021-02-24,09:40,67
2021-02-24,09:41,69
2021-02-24,09:42,57
2021-02-24,09:43,49
2021-02-24,09:44,48
2021-02-24,09:45,54
2021-02-24,09:46,59
2021-02-24,09:47,67
2021-02-24,09:48,56
2021-02-24,09:49,63
2021-02-24,09:50,71
2021-02-24,09:51,86
2021-02-24,09:52,94
2021-02-24,09:53,74
2021-02-24,09:54,62
2021-02-24,09:55,70
2021-02-24,09:56,70
2021-02-24,09:57,69
2021-02-24,09:58,65
2021-02-24,09:59,59
2021-02-24,10:00,73
2021-02-24,10:01,72
2021-02-24,10:02,64
2021-02-24,10:03,55
2021-02-24,10:04,60
2021-02-24,10:05,61
2021-02-24,10:06,64
2021-02-24,10:07,72
2021-02-24,10:08,69
2021-02-24,10:09,63
2021-02-24,10:10,62
2021-02-24,10:11,67
2021-02-24,10:12,73
2021-02-24,10:13,69
2021-02-24,10:14,73
2021-02-24,10:15,69
2021-02-24,10:16,64
2021-02-24,10:17,62
2021-02-24,10:18,64
2021-02-24,10:19,86
2021-02-24,10:20,67
2021-02-24,10:21,62
2021-02-24,10:22,88
2021-02-24,10:23,73
2021-02-24,10:24,68
2021-02-24,10:25,68
2021-02-24,10:26,65
2021-02-24,10:27,61
2021-02-24,10:28,59
2021-02-24,10:29,68
2021-02-24,10:30,66
2021-02-24,10:31,62
2021-02-24,10:32,62
2021-02-24,10:33,68
2021-02-24,10:34,92
2021-02-24,10:35,100
2021-02-24,10:36,98
2021-02-24,10:37,97
2021-02-24,10:38,79
2021-02-24,10:39,80
2021-02-24,10:40,66
2021-02-24,10:41,62
2021-02-24,10:42,59
2021-02-24,10:43,61
2021-02-24,10:44,58
2021-02-24,10:45,66
2021-02-24,10:46,67
2021-02-24,10:47,88
2021-02-24,10:48,74
2021-02-24,10:49,65
2021-02-24,10:50,69
2021-02-24,10:51,72
2021-02-24,10:52,67
2021-02-24,10:53,83
2021-02-24,10:54,76
2021-02-24,10:55,69
2021-02-24,10:56,75
2021-02-24,10:57,76
2021-02-24,10:58,75
2021-02-24,10:59,84
2021-02-24,11:00,67
2021-02-24,11:01,68
2021-02-24,11:02,68
2021-02-24,11:03,86
2021-02-24,11:04,83
2021-02-24,11:05,68
2021-02-24,11:06,72
2021-02-24,11:07,64
2021-02-24,11:08,73
2021-02-24,11:09,83
2021-02-24,11:10,93
2021-02-24,11:11,97
2021-02-24,17:19,112
2021-02-24,17:20,86
2021-02-24,17:21,104
2021-02-24,17:22,99
2021-02-24,17:23,86
2021-02-24,17:24,94
2021-02-24,17:25,84
2021-02-24,17:26,82
2021-02-24,17:27,81
2021-02-24,17:29,87
2021-02-24,17:30,106
2021-02-24,17:31,88
2021-02-24,17:32,79
2021-02-24,17:33,70
2021-02-24,17:34,78
2021-02-24,17:35,77
2021-02-24,17:36,107
2021-02-24,17:37,89
2021-02-24,17:38,104
2021-02-24,17:39,94
2021-02-24,17:40,80
2021-02-24,17:41,87
2021-02-24,17:42,108
2021-02-24,17:43,100
2021-02-24,17:44,92
2021-02-24,17:45,74
2021-02-24,17:47,75
2021-02-24,17:49,71
2021-02-24,17:50,80
2021-02-24,17:51,76
2021-02-24,17:52,81
2021-02-24,17:53,77
2021-02-24,17:54,76
2021-02-24,17:55,70
2021-02-24,17:56,71
2021-02-24,17:57,69
2021-02-24,17:58,75
2021-02-24,17:59,77
2021-02-24,18:00,81
2021-02-24,18:01,89
2021-02-24,18:02,96
2021-02-24,18:03,74
2021-02-24,18:04,85
2021-02-24,18:05,82
2021-02-24,18:06,68
2021-02-24,18:07,75
2021-02-24,18:08,72
2021-02-24,18:09,78
2021-02-24,18:10,69
2021-02-24,18:11,79
2021-02-24,18:12,72
2021-02-24,18:13,70
2021-02-24,18:14,71
2021-02-24,18:15,72
2021-02-24,18:16,71
2021-02-24,18:17,106
2021-02-24,18:18,79
2021-02-24,18:19,69
2021-02-24,18:20,68
2021-02-24,18:21,73
2021-02-24,18:22,76
2021-02-24,18:23,74
2021-02-24,18:24,76
2021-02-24,18:25,88
2021-02-24,18:26,67
2021-02-24,18:27,69
2021-02-24,18:28,71
2021-02-24,18:29,75
2021-02-24,18:30,73
2021-02-24,18:31,107
2021-02-24,18:32,80
2021-02-24,18:33,78
2021-02-24,18:34,75
2021-02-24,18:35,108
2021-02-24,18:36,110
2021-02-24,18:37,81
2021-02-24,18:38,74
2021-02-24,18:39,73
2021-02-24,18:40,69
2021-02-24,18:41,71
2021-02-24,18:42,70
2021-02-24,18:43,80
2021-02-24,18:44,79
2021-02-24,18:45,75
2021-02-24,18:46,79
2021-02-24,18:47,72
2021-02-24,18:48,71
2021-02-24,18:49,78
2021-02-24,18:50,66
2021-02-24,18:51,69
2021-02-24,18:52,67
2021-02-24,18:53,74
2021-02-24,18:54,74
2021-02-24,18:55,72
2021-02-24,18:56,76
2021-02-24,18:57,74
2021-02-24,18:58,91
2021-02-24,18:59,66
2021-02-24,19:00,73
2021-02-24,19:01,76
2021-02-24,19:02,75
2021-02-24,19:03,86
2021-02-24,19:04,83
2021-02-24,19:05,95
2021-02-24,19:06,113
2021-02-24,19:07,80
2021-02-24,19:08,54
2021-02-24,19:10,73
2021-02-24,19:11,91
2021-02-24,19:12,93
2021-02-24,19:13,84
2021-02-24,19:14,83
2021-02-24,19:15,66
2021-02-24,19:16,73
2021-02-24,19:17,80
2021-02-24,19:18,86
2021-02-24,19:19,88
2021-02-24,19:20,96
2021-02-24,19:21,77
2021-02-24,19:22,87
2021-02-24,19:23,94
2021-02-24,19:24,94
2021-02-24,19:25,93
2021-02-24,19:26,84
2021-02-24,19:27,93
2021-02-24,19:28,90
2021-02-24,19:29,93
2021-02-24,19:30,91
2021-02-24,19:31,91
2021-02-24,19:32,92
2021-02-24,19:33,94
2021-02-24,19:34,101
2021-02-24,19:35,103
2021-02-24,19:36,95
2021-02-24,19:37,113
2021-02-24,19:38,98
2021-02-24,19:39,98
2021-02-24,19:40,93
2021-02-24,19:41,96
2021-02-24,19:42,90
2021-02-24,19:43,60
2021-02-24,19:44,82
2021-02-24,19:45,81
2021-02-24,19:46,85
2021-02-24,19:47,79
2021-02-24,19:48,83
2021-02-24,19:49,81
2021-02-24,19:50,76
2021-02-24,19:51,75
2021-02-24,19:52,85
2021-02-24,19:53,73
2021-02-24,19:54,75
2021-02-24,19:55,81
2021-02-24,19:56,77
2021-02-24,19:57,81
2021-02-24,19:58,68
2021-02-24,19:59,80
2021-02-24,20:00,82
2021-02-24,20:01,72
2021-02-24,20:02,73
2021-02-24,20:03,105
2021-02-24,20:04,80
2021-02-24,20:05,76
2021-02-24,20:06,65
2021-02-24,20:07,70
2021-02-24,20:08,86
2021-02-24,20:09,74
2021-02-24,20:10,64
2021-02-24,20:11,67
2021-02-24,20:12,70
2021-02-24,20:13,73
2021-02-24,20:14,66
2021-02-24,20:15,71
2021-02-24,20:16,69
2021-02-24,20:17,78
2021-02-24,20:18,76
2021-02-24,20:19,80
2021-02-24,20:20,76
2021-02-24,20:21,87
2021-02-24,20:22,76
2021-02-24,20:23,72
2021-02-24,20:24,74
2021-02-24,20:25,69
2021-02-24,20:26,79
2021-02-24,20:27,71
2021-02-24,20:28,74
2021-02-24,20:29,70
2021-02-24,20:30,69
2021-02-24,20:31,73
2021-02-24,20:32,72
2021-02-24,20:33,74
2021-02-24,20:34,76
2021-02-24,20:35,75
2021-02-24,20:36,80
2021-02-24,20:37,76
2021-02-24,20:38,71
2021-02-24,20:39,72
2021-02-24,20:41,74
2021-02-24,20:42,82
2021-02-24,20:43,79
2021-02-24,20:44,73
2021-02-24,20:45,76
2021-02-24,20:46,75
2021-02-24,20:47,74
2021-02-24,20:48,76
2021-02-24,20:49,89
2021-02-24,20:51,90
2021-02-24,20:52,80
2021-02-24,20:53,82
2021-02-24,20:54,103
2021-02-24,20:55,82
2021-02-24,20:56,77
2021-02-24,20:57,70
2021-02-24,20:58,80
2021-02-24,20:59,80
2021-02-24,21:00,76
2021-02-24,21:01,91
2021-02-24,21:02,81
2021-02-24,21:03,75
2021-02-24,21:04,88
2021-02-24,21:05,80
2021-02-24,21:06,82
2021-02-24,21:07,86
2021-02-24,21:08,77
2021-02-24,21:09,70
2021-02-24,21:10,72
2021-02-24,21:11,102
2021-02-24,21:12,115
2021-02-24,21:13,124
2021-02-24,21:14,100
2021-02-24,21:15,82
2021-02-24,21:16,77
2021-02-24,21:17,75
2021-02-24,21:18,73
2021-02-24,21:19,79
2021-02-24,21:21,74
2021-02-24,21:22,92
2021-02-24,21:23,79
2021-02-24,21:24,81
2021-02-24,21:25,78
2021-02-24,21:27,70
2021-02-24,21:28,79
2021-02-24,21:29,76
2021-02-24,21:30,81
2021-02-24,21:31,66
2021-02-24,21:32,72
2021-02-24,21:33,78
2021-02-24,21:34,71
2021-02-24,21:35,70
2021-02-24,21:36,102
2021-02-24,21:37,81
2021-02-24,21:38,72
2021-02-24,21:39,74
2021-02-24,21:40,74
2021-02-24,21:41,80
2021-02-24,21:43,72
2021-02-24,21:44,76
2021-02-24,21:45,76
2021-02-24,21:46,88
2021-02-24,21:47,88
2021-02-24,21:48,117
2021-02-24,21:49,98
2021-02-24,21:50,74
2021-02-24,21:51,64
2021-02-24,21:52,61
2021-02-24,21:53,66
2021-02-24,21:54,70
2021-02-24,21:55,68
2021-02-24,21:56,71
2021-02-24,21:57,69
2021-02-24,21:58,79
2021-02-24,21:59,78
2021-02-24,22:00,72
2021-02-24,22:01,71
2021-02-24,22:02,70
2021-02-24,22:03,68
2021-02-24,22:04,73
2021-02-24,22:05,81
2021-02-24,22:06,87
2021-02-24,22:07,83
2021-02-24,22:08,93
2021-02-24,22:09,81
2021-02-24,22:10,87
2021-02-24,22:11,77
2021-02-24,22:12,80
2021-02-24,22:13,81
2021-02-24,22:14,88
2021-02-24,22:15,83
2021-02-24,22:16,82
2021-02-24,22:17,77
2021-02-24,22:18,89
2021-02-24,22:19,80
2021-02-24,22:20,81
2021-02-24,22:21,77
2021-02-24,22:22,77
2021-02-24,22:23,76
2021-02-24,22:24,87
2021-02-24,22:25,80
2021-02-24,22:26,72
2021-02-24,22:27,77
2021-02-24,22:28,76
2021-02-24,22:29,88
2021-02-24,22:30,89
2021-02-24,22:31,91
2021-02-24,22:32,93
2021-02-24,22:34,81
2021-02-24,22:35,88
2021-02-24,22:36,77
2021-02-24,22:37,76
2021-02-24,22:38,72
2021-02-24,22:39,87
2021-02-24,22:40,78
2021-02-24,22:41,92
2021-02-24,22:42,77
2021-02-24,22:43,87
2021-02-24,22:44,78
2021-02-24,22:45,87
2021-02-24,22:46,97
2021-02-24,22:47,98
2021-02-24,22:48,79
2021-02-24,22:49,81
2021-02-24,22:50,76
2021-02-24,22:51,87
2021-02-24,22:52,96
2021-02-24,22:53,88
2021-02-24,22:54,80
2021-02-24,22:55,81
2021-02-24,22:56,88
2021-02-24,22:57,84
2021-02-24,22:58,85
2021-02-24,22:59,83
2021-02-24,23:00,76
2021-02-24,23:01,108
2021-02-24,23:02,82
2021-02-24,23:03,75
2021-02-24,23:04,81
2021-02-24,23:05,77
2021-02-24,23:06,79
2021-02-24,23:07,70
2021-02-24,23:08,70
2021-02-24,23:09,68
2021-02-24,23:10,69
2021-02-24,23:11,66
2021-02-24,23:12,70
2021-02-24,23:13,86
2021-02-24,23:14,70
2021-02-24,23:15,75
2021-02-24,23:16,76
2021-02-24,23:17,73
2021-02-24,23:18,72
2021-02-24,23:19,65
2021-02-24,23:20,73
2021-02-24,23:21,70
2021-02-24,23:22,73
2021-02-24,23:23,80
2021-02-24,23:24,87
2021-02-24,23:25,78
2021-02-24,23:26,71
2021-02-24,23:27,67
2021-02-24,23:28,65
2021-02-24,23:29,64
2021-02-24,23:30,62
2021-02-24,23:31,63
2021-02-24,23:32,79
2021-02-24,23:33,66
2021-02-24,23:34,66
2021-02-24,23:35,68
2021-02-24,23:36,81
2021-02-24,23:37,77
2021-02-24,23:38,76
2021-02-24,23:39,76
2021-02-24,23:40,88
2021-02-24,23:41,73
2021-02-24,23:42,75
2021-02-24,23:43,79
2021-02-24,23:44,76
2021-02-24,23:45,76
2021-02-24,23:46,65
2021-02-24,23:48,58
2021-02-24,23:49,73
2021-02-24,23:51,87
2021-02-24,23:52,72
2021-02-24,23:53,79
2021-02-24,23:54,93
2021-02-24,23:55,83
2021-02-24,23:56,93
2021-02-24,23:57,93
2021-02-24,23:58,97
2021-02-24,23:59,81
2021-02-25,00:00,80
2021-02-25,00:01,92
2021-02-25,00:02,95
2021-02-25,00:03,107
2021-02-25,00:04,80
2021-02-25,00:05,65
2021-02-25,00:06,60
2021-02-25,00:07,67
2021-02-25,00:09,66
2021-02-25,00:10,69
2021-02-25,00:11,71
2021-02-25,00:12,75
2021-02-25,00:13,69
2021-02-25,00:14,75
2021-02-25,00:15,76
2021-02-25,00:16,71
2021-02-25,00:17,70
2021-02-25,00:18,79
2021-02-25,00:19,68
2021-02-25,00:20,80
2021-02-25,00:21,67
2021-02-25,00:22,68
2021-02-25,00:23,77
2021-02-25,00:24,73
2021-02-25,00:25,60
2021-02-25,00:26,69
2021-02-25,00:27,70
2021-02-25,00:28,61
2021-02-25,00:29,57
2021-02-25,00:30,58
2021-02-25,00:31,72
2021-02-25,00:32,59
2021-02-25,00:33,71
2021-02-25,00:34,58
2021-02-25,00:35,61
2021-02-25,00:36,56
2021-02-25,00:37,58
2021-02-25,00:38,55
2021-02-25,00:39,54
2021-02-25,00:40,57
2021-02-25,00:41,54
2021-02-25,00:42,59
2021-02-25,00:43,56
2021-02-25,00:44,54
2021-02-25,00:45,52
2021-02-25,00:46,54
2021-02-25,00:47,54
2021-02-25,00:48,53
2021-02-25,00:49,55
2021-02-25,00:50,56
2021-02-25,00:51,54
2021-02-25,00:52,54
2021-02-25,00:53,53
2021-02-25,00:54,58
2021-02-25,00:55,56
2021-02-25,00:56,58
2021-02-25,00:57,60
2021-02-25,00:58,55
2021-02-25,00:59,56
2021-02-25,01:00,61
2021-02-25,01:01,59
2021-02-25,01:02,55
2021-02-25,01:03,54
2021-02-25,01:04,52
2021-02-25,01:05,58
2021-02-25,01:06,49
2021-02-25,01:07,53
2021-02-25,01:08,51
2021-02-25,01:09,53
2021-02-25,01:10,53
2021-02-25,01:11,54
2021-02-25,01:12,53
2021-02-25,01:13,52
2021-02-25,01:14,51
2021-02-25,01:15,53
2021-02-25,01:16,54
2021-02-25,01:17,53
2021-02-25,01:18,54
2021-02-25,01:19,53
2021-02-25,01:20,53
2021-02-25,01:21,53
2021-02-25,01:22,53
2021-02-25,01:23,51
2021-02-25,01:24,55
2021-02-25,01:25,54
2021-02-25,01:26,56
2021-02-25,01:27,55
2021-02-25,01:28,57
2021-02-25,01:29,73
2021-02-25,01:30,69
2021-02-25,01:31,55
2021-02-25,01:32,54
2021-02-25,01:33,52
2021-02-25,01:34,53
2021-02-25,01:35,55
2021-02-25,01:36,54
2021-02-25,01:37,61
2021-02-25,01:38,50
2021-02-25,01:39,52
2021-02-25,01:40,58
2021-02-25,01:41,47
2021-02-25,01:42,74
2021-02-25,01:43,55
2021-02-25,01:44,51
2021-02-25,01:45,48
2021-02-25,01:46,46
2021-02-25,01:47,49
2021-02-25,01:48,50
2021-02-25,01:49,69
2021-02-25,01:50,54
2021-02-25,01:51,60
2021-02-25,01:52,49
2021-02-25,01:53,52
2021-02-25,01:54,55
2021-02-25,01:55,56
2021-02-25,01:56,80
2021-02-25,01:57,64
2021-02-25,01:58,51
2021-02-25,01:59,52
2021-02-25,02:00,51
2021-02-25,02:01,47
2021-02-25,02:02,46
2021-02-25,02:03,51
2021-02-25,02:04,46
2021-02-25,02:05,47
2021-02-25,02:06,46
2021-02-25,02:07,49
2021-02-25,02:08,52
2021-02-25,02:09,48
2021-02-25,02:10,52
2021-02-25,02:11,48
2021-02-25,02:12,48
2021-02-25,02:13,48
2021-02-25,02:14,52
2021-02-25,02:15,48
2021-02-25,02:16,46
2021-02-25,02:17,58
2021-02-25,02:18,48
2021-02-25,02:19,53
2021-02-25,02:20,58
2021-02-25,02:21,54
2021-02-25,02:22,53
2021-02-25,02:23,48
2021-02-25,02:24,50
2021-02-25,02:25,52
2021-02-25,02:26,53
2021-02-25,02:27,52
2021-02-25,02:28,53
2021-02-25,02:29,53
2021-02-25,02:30,54
2021-02-25,02:31,52
2021-02-25,02:32,48
2021-02-25,02:33,52
2021-02-25,02:34,53
2021-02-25,02:35,57
2021-02-25,02:36,54
2021-02-25,02:37,48
2021-02-25,02:38,52
2021-02-25,02:39,54
2021-02-25,02:40,51
2021-02-25,02:41,47
2021-02-25,02:42,51
2021-02-25,02:43,47
2021-02-25,02:44,47
2021-02-25,02:45,51
2021-02-25,02:46,53
2021-02-25,02:47,51
2021-02-25,02:48,47
2021-02-25,02:49,53
2021-02-25,02:50,52
2021-02-25,02:51,54
2021-02-25,02:52,55
2021-02-25,02:53,53
2021-02-25,02:54,53
2021-02-25,02:55,52
2021-02-25,02:56,55
2021-02-25,02:57,54
2021-02-25,02:58,52
2021-02-25,02:59,51
2021-02-25,03:00,53
2021-02-25,03:01,52
2021-02-25,03:02,56
2021-02-25,03:03,54
2021-02-25,03:04,54
2021-02-25,03:05,50
2021-02-25,03:06,54
2021-02-25,03:07,56
2021-02-25,03:08,49
2021-02-25,03:09,48
2021-02-25,03:10,50
2021-02-25,03:11,50
2021-02-25,03:12,55
2021-02-25,03:13,57
2021-02-25,03:14,50
2021-02-25,03:15,50
2021-02-25,03:16,52
2021-02-25,03:17,54
2021-02-25,03:18,56
2021-02-25,03:19,48
2021-02-25,03:20,85
2021-02-25,03:21,61
2021-02-25,03:22,59
2021-02-25,03:23,55
2021-02-25,03:24,62
2021-02-25,03:25,58
2021-02-25,03:26,54
2021-02-25,03:27,54
2021-02-25,03:28,50
2021-02-25,03:29,50
2021-02-25,03:30,46
2021-02-25,03:31,53
2021-02-25,03:32,64
2021-02-25,03:33,54
2021-02-25,03:34,48
2021-02-25,03:35,64
2021-02-25,03:36,56
2021-02-25,03:37,49
2021-02-25,03:38,48
2021-02-25,03:39,51
2021-02-25,03:40,49
2021-02-25,03:41,52
2021-02-25,03:42,53
2021-02-25,03:43,48
2021-02-25,03:44,49
2021-02-25,03:45,53
2021-02-25,03:46,49
2021-02-25,03:47,52
2021-02-25,03:48,48
2021-02-25,03:49,48
2021-02-25,03:50,46
2021-02-25,03:51,46
2021-02-25,03:52,51
2021-02-25,03:53,50
2021-02-25,03:54,74
2021-02-25,03:55,54
2021-02-25,03:56,48
2021-02-25,03:57,52
2021-02-25,03:58,47
2021-02-25,03:59,54
2021-02-25,04:00,48
2021-02-25,04:01,52
2021-02-25,04:02,54
2021-02-25,04:03,49
2021-02-25,04:04,49
2021-02-25,04:05,52
2021-02-25,04:06,59
2021-02-25,04:07,49
2021-02-25,04:08,46
2021-02-25,04:09,51
2021-02-25,04:10,52
2021-02-25,04:11,82
2021-02-25,04:12,56
2021-02-25,04:13,54
2021-02-25,04:15,50
2021-02-25,04:16,47
2021-02-25,04:17,57
2021-02-25,04:18,71
2021-02-25,04:19,53
2021-02-25,04:20,54
2021-02-25,04:21,49
2021-02-25,04:22,53
2021-02-25,04:23,57
2021-02-25,04:24,51
2021-02-25,04:25,47
2021-02-25,04:26,46
2021-02-25,04:27,45
2021-02-25,04:28,55
2021-02-25,04:29,57
2021-02-25,04:30,49
2021-02-25,04:31,45
2021-02-25,04:32,49
2021-02-25,04:33,50
2021-02-25,04:34,50
2021-02-25,04:35,46
2021-02-25,04:36,44
2021-02-25,04:37,45
2021-02-25,04:38,49
2021-02-25,04:39,47
2021-02-25,04:40,44
2021-02-25,04:41,44
2021-02-25,04:42,45
2021-02-25,04:43,54
2021-02-25,04:44,47
2021-02-25,04:45,49
2021-02-25,04:46,50
2021-02-25,04:47,54
2021-02-25,04:48,50
2021-02-25,04:49,48
2021-02-25,04:50,58
2021-02-25,04:51,49
2021-02-25,04:52,56
2021-02-25,04:53,52
2021-02-25,04:54,55
2021-02-25,04:55,54
2021-02-25,04:56,58
2021-02-25,04:57,52
2021-02-25,04:58,56
2021-02-25,04:59,60
2021-02-25,05:00,56
2021-02-25,05:01,54
2021-02-25,05:02,53
2021-02-25,05:03,69
2021-02-25,05:04,61
2021-02-25,05:05,52
2021-02-25,05:06,53
2021-02-25,05:07,53
2021-02-25,05:08,58
2021-02-25,05:09,49
2021-02-25,05:10,52
2021-02-25,05:11,56
2021-02-25,05:12,54
2021-02-25,05:13,57
2021-02-25,05:14,59
2021-02-25,05:15,60
2021-02-25,05:16,56
2021-02-25,05:17,56
2021-02-25,05:18,54
2021-02-25,05:19,53
2021-02-25,05:20,50
2021-02-25,05:21,53
2021-02-25,05:22,49
2021-02-25,05:23,52
2021-02-25,05:24,50
2021-02-25,05:25,47
2021-02-25,05:26,53
2021-02-25,05:27,56
2021-02-25,05:28,86
2021-02-25,05:29,59
2021-02-25,05:30,49
2021-02-25,05:31,45
2021-02-25,05:32,51
2021-02-25,05:33,45
2021-02-25,05:34,48
2021-02-25,05:35,47
2021-02-25,05:36,65
2021-02-25,05:37,53
2021-02-25,05:38,54
2021-02-25,05:39,48
2021-02-25,05:40,47
2021-02-25,05:41,46
2021-02-25,05:42,46
2021-02-25,05:43,46
2021-02-25,05:44,47
2021-02-25,05:45,49
2021-02-25,05:46,47
2021-02-25,05:47,47
2021-02-25,05:48,46
2021-02-25,05:49,51
2021-02-25,05:50,52
2021-02-25,05:51,51
2021-02-25,05:52,47
2021-02-25,05:53,47
2021-02-25,05:54,47
2021-02-25,05:55,49
2021-02-25,05:56,48
2021-02-25,05:57,47
2021-02-25,05:58,46
2021-02-25,05:59,51
2021-02-25,06:00,47
2021-02-25,06:01,46
2021-02-25,06:02,47
2021-02-25,06:03,50
2021-02-25,06:04,48
2021-02-25,06:05,49
2021-02-25,06:06,46
2021-02-25,06:07,52
2021-02-25,06:08,48
2021-02-25,06:09,52
2021-02-25,06:10,48
2021-02-25,06:11,49
2021-02-25,06:12,47
2021-02-25,06:13,45
2021-02-25,06:14,49
2021-02-25,06:15,50
2021-02-25,06:16,48
2021-02-25,06:17,46
2021-02-25,06:18,47
2021-02-25,06:19,54
2021-02-25,06:20,49
2021-02-25,06:21,47
2021-02-25,06:22,51
2021-02-25,06:23,53
2021-02-25,06:24,48
2021-02-25,06:25,52
2021-02-25,06:26,48
2021-02-25,06:27,47
2021-02-25,06:28,52
2021-02-25,06:29,47
2021-02-25,06:30,46
2021-02-25,06:31,46
2021-02-25,06:32,45
2021-02-25,06:33,47
2021-02-25,06:34,51
2021-02-25,06:35,47
2021-02-25,06:36,49
2021-02-25,06:37,48
2021-02-25,06:38,52
2021-02-25,06:39,53
2021-02-25,06:40,53
2021-02-25,06:41,49
2021-02-25,06:42,68
2021-02-25,06:43,55
2021-02-25,06:44,48
2021-02-25,06:45,53
2021-02-25,06:46,56
2021-02-25,06:47,48
2021-02-25,06:48,55
2021-02-25,06:49,48
2021-02-25,06:50,57
2021-02-25,06:51,58
2021-02-25,06:52,60
2021-02-25,06:53,59
2021-02-25,06:54,55
2021-02-25,06:55,59
2021-02-25,06:56,68
2021-02-25,06:57,54
2021-02-25,06:58,58
2021-02-25,06:59,75
2021-02-25,07:00,62
2021-02-25,07:01,59
2021-02-25,07:02,52
2021-02-25,07:03,58
2021-02-25,07:04,57
2021-02-25,07:05,60
2021-02-25,07:06,55
2021-02-25,07:07,56
2021-02-25,07:08,54
2021-02-25,07:09,60
2021-02-25,07:10,58
2021-02-25,07:11,52
2021-02-25,07:12,55
2021-02-25,07:13,57
2021-02-25,07:14,49
2021-02-25,07:15,52
2021-02-25,07:16,51
2021-02-25,07:17,53
2021-02-25,07:18,58
2021-02-25,07:19,93
2021-02-25,07:20,59
2021-02-25,07:21,49
2021-02-25,07:22,46
2021-02-25,07:23,49
2021-02-25,07:24,50
2021-02-25,07:25,46
2021-02-25,07:26,54
2021-02-25,07:27,56
2021-02-25,07:28,48
2021-02-25,07:29,47
2021-02-25,07:30,57
2021-02-25,07:31,57
2021-02-25,07:32,58
2021-02-25,07:33,48
2021-02-25,07:34,52
2021-02-25,07:35,53
2021-02-25,07:36,50
2021-02-25,07:37,47
2021-02-25,07:38,49
2021-02-25,07:39,57
2021-02-25,07:40,54
2021-02-25,07:41,48
2021-02-25,07:42,55
2021-02-25,07:43,56
2021-02-25,07:44,58
2021-02-25,07:45,49
2021-02-25,07:47,47
2021-02-25,07:48,45
2021-02-25,07:49,56
2021-02-25,07:50,57
2021-02-25,07:51,51
2021-02-25,07:52,55
2021-02-25,07:53,48
2021-02-25,07:54,55
2021-02-25,07:55,51
2021-02-25,07:56,49
2021-02-25,07:57,55
2021-02-25,07:58,48
2021-02-25,07:59,55
2021-02-25,08:00,48
2021-02-25,08:01,46
2021-02-25,08:02,54
2021-02-25,08:03,58
2021-02-25,08:04,48
2021-02-25,08:05,49
2021-02-25,08:06,106
2021-02-25,08:07,65
2021-02-25,08:08,52
2021-02-25,08:09,48
2021-02-25,08:10,74
2021-02-25,08:11,55
2021-02-25,08:12,57
2021-02-25,08:13,51
2021-02-25,08:14,50
2021-02-25,08:15,49
2021-02-25,08:16,48
2021-02-25,08:17,65
2021-02-25,08:18,55
2021-02-25,08:19,51
2021-02-25,08:20,46
2021-02-25,08:21,45
2021-02-25,08:22,46
2021-02-25,08:23,44
2021-02-25,08:24,53
2021-02-25,08:25,53
2021-02-25,08:26,50
2021-02-25,08:27,56
2021-02-25,08:28,49
2021-02-25,08:29,52
2021-02-25,08:30,47
2021-02-25,08:31,51
2021-02-25,08:32,53
2021-02-25,08:33,46
2021-02-25,08:34,48
2021-02-25,08:35,60
2021-02-25,08:36,61
2021-02-25,08:37,55
2021-02-25,08:38,48
2021-02-25,08:39,55
2021-02-25,08:40,51
2021-02-25,08:41,48
2021-02-25,08:42,47
2021-02-25,08:43,47
2021-02-25,08:44,48
2021-02-25,08:45,52
2021-02-25,08:46,52
2021-02-25,08:47,47
2021-02-25,08:48,54
2021-02-25,08:49,64
2021-02-25,08:50,57
2021-02-25,08:51,56
2021-02-25,08:52,65
2021-02-25,08:53,63
2021-02-25,08:54,59
2021-02-25,08:55,55
2021-02-25,08:56,67
2021-02-25,08:57,110
2021-02-25,08:58,84
2021-02-25,08:59,94
2021-02-25,09:00,76
2021-02-25,09:01,64
2021-02-25,09:03,72
2021-02-25,09:04,92
2021-02-25,09:05,78
2021-02-25,09:06,86
2021-02-25,09:07,76
2021-02-25,09:08,77
2021-02-25,09:09,67
2021-02-25,09:10,63
2021-02-25,09:11,56
2021-02-25,09:12,63
2021-02-25,09:13,105
2021-02-25,09:14,80
2021-02-25,09:15,62
2021-02-25,09:16,64
2021-02-25,09:17,64
2021-02-25,09:18,72
2021-02-25,09:19,79
2021-02-25,09:20,82
2021-02-25,09:21,78
